{"query": [-0.9628888964653015,0.2390398383140564,-1.6483176946640015], "k": 10, "ef": 200, "entry_id": 0}
