{
  "query": [-0.1500321924686432, -0.6048567891120911, -1.3082095384597778],
  "k": 10,
  "ef": 200
}
