{
  "query": [0.1131746917963028, -0.5337008833885193, -0.538484513759613],
  "k": 10,
  "ef": 200
}
